INSERT INTO PRODUCT_TYPE (ID, NAME) VALUES ('1', 'computer');
INSERT INTO PRODUCT_TYPE (ID, NAME) VALUES ('2', 'phone');
INSERT INTO PRODUCT_TYPE (ID, NAME) VALUES ('3', 'drink');
Insert into PRODUCT_TYPE (ID,NAME) values (4,'drink2');

INSERT INTO PRODUCTS (ID, NAME, TYPE, PRICE, QUANTITY, STATUS) VALUES ('1', 'model01', '1', '1000', '5', 'Active');
INSERT INTO PRODUCTS (ID, NAME, TYPE, PRICE, QUANTITY, STATUS) VALUES ('2', 'model02', '1', '900.23', '2', 'Inactive');
INSERT INTO PRODUCTS (ID, NAME, TYPE, PRICE, QUANTITY, STATUS) VALUES ('3', 'model01', '2', '1234.56', '10', 'Active');
INSERT INTO PRODUCTS (ID, NAME, TYPE, PRICE, QUANTITY, STATUS) VALUES ('4', 'new_product', '3', '9.99', '20', 'Inactive');
INSERT INTO PRODUCTS (ID, NAME, TYPE, PRICE, QUANTITY, STATUS) VALUES ('5', 'new_product 02', '3', '28009.99', '1', 'Active');
Insert into PRODUCTS (ID,NAME,TYPE,PRICE,QUANTITY,STATUS) values (6,'new_product 03',4,9.99,1,'Active');

INSERT INTO CUSTOMERS (ID, NAME, PID, DATE_OF_BIRTH, ADDRESS, STATUS) VALUES ('1', 'Customer Name', '0123CN', TO_DATE('1987-11-01 00:00:00', 'YYYY-MM-DD HH24:MI:SS'), 'City,1 "Street" Str.', 'Active');
INSERT INTO CUSTOMERS (ID, NAME, PID, DATE_OF_BIRTH, ADDRESS, STATUS) VALUES ('2', 'Other Customer Name', '0123ON', TO_DATE('1987-11-01 00:00:00', 'YYYY-MM-DD HH24:MI:SS'), 'City,1 "Street" Str.', 'Inactive');

INSERT INTO ORDERS (ID, OVERALL_PRICE, CUSTOMER, PURCHASE_DATE, STATUS) VALUES ('1', '1000', '1', TO_DATE('2016-04-02 00:00:00', 'YYYY-MM-DD HH24:MI:SS'), 'Active');

INSERT INTO PRODUCT_LIST (ID, ORDER_ID, PRODUCT_ID, QUANTITY) VALUES ('1', '1', '1', '2');
INSERT INTO PRODUCT_LIST (ID, ORDER_ID, PRODUCT_ID, QUANTITY) VALUES ('2', '1', '2', '2');

INSERT INTO ROLES (ID, ROLE) VALUES ('1', 'ROLE_ADMIN');
INSERT INTO ROLES (ID, ROLE) VALUES ('2', 'ROLE_USER');

INSERT INTO USERS (ID, USERNAME, PASSWORD, STATUS) VALUES ('1', 'admin', 'c4ca4238a0b923820dcc509a6f75849b', 'Active');
INSERT INTO USERS (ID, USERNAME, STATUS) VALUES ('2', 'user01', 'Active');
INSERT INTO USERS (ID, USERNAME, STATUS) VALUES ('3', 'user02', 'Inactive');

INSERT INTO USER_ROLES (USER_ID, ROLE_ID) VALUES ('1', '1');
INSERT INTO USER_ROLES (USER_ID, ROLE_ID) VALUES ('2', '2');

INSERT INTO USER_ROLES (USER_ID, ROLE_ID) VALUES ('1', '2');

INSERT INTO USER_CUSTOMERS (USER_ID, CUSTOMER_ID) VALUES ('2', '1');
